,Unnamed: 0,AES mean,AES std,MBF mean,MBF std,SR
0,Problema 1,,,95.9827815344,31.2999056661,0.0
1,Problema 2,,,,,0.0
2,Problema 3,,,4.6706542225,0.858691163225,0.0
3,Problema 4,,,26.4067695056,9.93175661833,0.0
4,Problema 5,,,3.83146105194,0.0,0.0
5,Problema 6,15400.0,0.0,2.03754780831,2.30252551135,0.125
6,Problema 7,,,5.57062101259,0.0,0.0
