,AES mean,AES std,MBF mean,MBF std,SR
Problema 1,19300.0,0.0,54.012639084,31.9693667493,0.25
Problema 2,4100.0,0.0,0.264298369542,0.208685483672,0.25
Problema 3,,,,,0.0
Problema 4,,,22.8654597988,10.3783082592,0.0
Problema 5,,,15.3428455964,11.9593792155,0.0
Problema 6,,,0.872538788726,0.29154291324,0.0
Problema 7,,,5.22214064435,0.603585703234,0.0
