,AES mean,AES std,MBF mean,MBF std,SR
Problema 1,,,,,0.0
Problema 2,,,0.465524215697,0.23136948488,0.0
Problema 3,,,5.37946428004,2.08807517736,0.0
Problema 4,,,34.2251025268,14.4495596838,0.0
Problema 5,,,4.50414840531,0.0,0.0
Problema 6,,,1.53566703001,0.735962541207,0.0
Problema 7,,,6.32627750054,0.0,0.0
