,AES mean,AES std,MBF mean,MBF std,SR
Problema 1,,,229.630644771,204.948215068,0.0
Problema 2,,,,,0.0
Problema 3,,,5.83844076225,1.46052029723,0.0
Problema 4,,,21.4142341627,8.66867443615,0.0
Problema 5,,,3.83146105194,0.0,0.0
Problema 6,,,2.52254173005,2.94952548413,0.0
Problema 7,,,5.57062101259,0.0,0.0
