,AES mean,AES std,MBF mean,MBF std,SR
Problema 1,,,142.068107243,50.9547908739,0.0
Problema 2,,,3.53145344757,5.34108202469,0.0
Problema 3,,,4.19266668417,1.06558197812,0.0
Problema 4,,,20.8114262173,1.13366248117,0.0
Problema 5,,,3.83146105194,0.0,0.0
Problema 6,,,2.74510158709,2.81806209409,0.0
Problema 7,,,4.98367222012,1.01662513001,0.0
