,AES mean,AES std,MBF mean,MBF std,SR
Problema 1,,,158.715561992,128.410297029,0.0
Problema 2,,,0.333816960294,0.192532891213,0.0
Problema 3,,,,,0.0
Problema 4,,,26.1926994107,9.37278822272,0.0
Problema 5,,,6.81891483723,5.41214970442,0.0
Problema 6,18400.0,0.0,1.48895449291,0.956540105994,0.125
Problema 7,,,5.57062101259,0.0,0.0
