,Unnamed: 0,AES mean,AES std,MBF mean,MBF std,SR
0,Problema 1,,,112.486409229,39.8575946622,0.0
1,Problema 2,,,0.439725702766,0.222707588897,0.0
2,Problema 3,,,4.6706542225,0.858691163225,0.0
3,Problema 4,,,23.8241488877,8.98757318749,0.0
4,Problema 5,,,6.79375455268,5.24185929624,0.0
5,Problema 6,,,62711.5826588,165916.216227,0.0
6,Problema 7,,,5.39014152199,0.47750384888,0.0
