,Unnamed: 0,AES mean,AES std,MBF mean,MBF std,SR
0,Problema 1,,,,,0.0
1,Problema 2,,,,,0.0
2,Problema 3,,,5.05500656873,0.158209560706,0.0
3,Problema 4,,,24.317441465,8.469685605,0.0
4,Problema 5,,,3.72004887971,0.294768900757,0.0
5,Problema 6,,,1.7111344523,2.24396924147,0.0
6,Problema 7,,,5.57062101259,0.0,0.0
