,AES mean,AES std,MBF mean,MBF std,SR
Problema 1,,,,,0.0
Problema 2,,,0.545313718423,0.31066551578,0.0
Problema 3,,,5.57775665238,2.52561961646,0.0
Problema 4,,,,,0.0
Problema 5,,,4.45134514202,0.0914579348339,0.0
Problema 6,,,1.20496230504,0.409645562065,0.0
Problema 7,,,6.1034289468,0.385985017463,0.0
