,Unnamed: 0,AES mean,AES std,MBF mean,MBF std,SR
0,Problema 1,,,88.7591294019,23.8905511507,0.0
1,Problema 2,,,1.8659142366,3.78243511211,0.0
2,Problema 3,,,4.3650215213,0.912487957552,0.0
3,Problema 4,,,23.646560485,8.12495568973,0.0
4,Problema 5,,,3.83146105194,0.0,0.0
5,Problema 6,18700.0,0.0,1.74382003873,1.52971112409,0.125
6,Problema 7,,,5.57062101259,0.0,0.0
