,AES mean,AES std,MBF mean,MBF std,SR
Problema 1,,,118.353203356,49.2291411343,0.0
Problema 2,,,0.511694206455,0.294400817825,0.0
Problema 3,,,,,0.0
Problema 4,,,19.8062520386,5.17827108342,0.0
Problema 5,,,8.30971880017,6.59144127567,0.0
Problema 6,15200.0,0.0,1.21787379263,0.900385765212,0.25
Problema 7,,,5.17145365348,1.16314981543,0.0
