,AES mean,AES std,MBF mean,MBF std,SR
Problema 1,,,122.430168253,49.8607742605,0.0
Problema 2,10600.0,0.0,1.09977328956,1.61846548535,0.25
Problema 3,,,4.99520897549,0.0,0.0
Problema 4,,,22.6138577108,5.19002639377,0.0
Problema 5,,,6.34339203487,4.35079208753,0.0
Problema 6,,,0.960322435307,0.196828056748,0.0
Problema 7,,,5.57062101259,0.0,0.0
