,AES mean,AES std,MBF mean,MBF std,SR
Problema 1,,,,,0.0
Problema 2,22000.0,3569.31365951,0.179639972239,0.251768263815,0.75
Problema 3,,,1.51483449384,0.209771312553,0.0
Problema 4,,,16.9206841707,4.54739613575,0.0
Problema 5,,,2.12173059825,0.391848633973,0.0
Problema 6,28800.0,5200.0,0.261999404647,0.226663051357,0.5
Problema 7,,,8.85672030365,4.38285550064,0.0
