,AES mean,AES std,MBF mean,MBF std,SR
Problema 1,,,202.666231986,0.0,0.0
Problema 2,,,3.24055740076,0.0390440645726,0.0
Problema 3,,,5.11480416196,0.207144939315,0.0
Problema 4,,,53.7349282788,2.61810101034,0.0
Problema 5,,,16.9649112941,2.50783144606,0.0
Problema 6,,,5.54014838855,1.22529428239,0.0
Problema 7,,,5.93847257407,0.637137594112,0.0
