,AES mean,AES std,MBF mean,MBF std,SR
Problema 1,,,136.448122533,71.0763895517,0.0
Problema 2,,,,,0.0
Problema 3,,,4.37893404366,1.16534859451,0.0
Problema 4,,,23.2936319731,11.2898143471,0.0
Problema 5,,,3.68473937008,0.254129407552,0.0
Problema 6,17200.0,0.0,1.60835368706,1.24394119333,0.25
Problema 7,,,5.57062101259,0.0,0.0
