,AES mean,AES std,MBF mean,MBF std,SR
Problema 1,13800.0,0.0,38.3982188751,30.9729295465,0.25
