,Unnamed: 0,AES mean,AES std,MBF mean,MBF std,SR
0,Problema 1,,,,,0.0
1,Problema 2,,,,,0.0
2,Problema 3,,,4.6706542225,0.858691163225,0.0
3,Problema 4,,,22.4633796017,4.27694345894,0.0
4,Problema 5,,,3.83146105194,0.0,0.0
5,Problema 6,32400.0,0.0,0.857860323655,0.343277365308,0.125
6,Problema 7,,,5.1618447777,0.718217513561,0.0
