,AES mean,AES std,MBF mean,MBF std,SR
Problema 1,,,91.9148174192,24.0802181417,0.0
Problema 2,,,0.415805310136,0.195200189677,0.0
Problema 3,,,4.99520897549,0.0,0.0
Problema 4,,,24.8210439035,9.73332392976,0.0
Problema 5,,,3.83146105194,0.0,0.0
Problema 6,,,1.07336393707,0.039291640645,0.0
Problema 7,,,4.97342863866,1.03436753354,0.0
