,AES mean,AES std,MBF mean,MBF std,SR
Problema 1,,,120.754563248,29.605519894,0.0
Problema 2,,,,,0.0
Problema 3,,,7.17564727581,4.95869654522,0.0
Problema 4,,,22.5730634826,6.07669762812,0.0
Problema 5,,,8.65564915966,7.1906102342,0.0
Problema 6,,,2.20484032159,1.89954478989,0.0
Problema 7,,,5.69974916503,1.08517890947,0.0
