,Unnamed: 0,AES mean,AES std,MBF mean,MBF std,SR
0,Problema 1,,,118.731655011,55.5462576636,0.0
1,Problema 2,3500.0,0.0,,,0.125
2,Problema 3,,,4.99520897549,0.0,0.0
3,Problema 4,,,27.9690961028,9.85479101541,0.0
4,Problema 5,,,,,0.0
5,Problema 6,,,1.36762640179,0.792285928975,0.0
6,Problema 7,,,,,0.0
