,AES mean,AES std,MBF mean,MBF std,SR
Problema 1,,,,,0.0
Problema 2,19500.0,0.0,0.368583645431,0.251452036613,0.25
Problema 3,,,5.03675753931,0.0719642235102,0.0
Problema 4,,,26.1194205206,9.0214465249,0.0
Problema 5,,,3.83146105194,0.0,0.0
Problema 6,,,1.84885082885,1.15049546436,0.0
Problema 7,,,5.22214064435,0.603585703234,0.0
