,Unnamed: 0,AES mean,AES std,MBF mean,MBF std,SR
0,Problema 1,,,,,0.0
1,Problema 2,,,2.14143296087,4.82083581808,0.0
2,Problema 3,,,5.2831448271,1.21742986095,0.0
3,Problema 4,,,19.3437217014,1.56201690189,0.0
4,Problema 5,,,6.63898491211,5.23780207661,0.0
5,Problema 6,,,1.87265436386,2.18077726765,0.0
6,Problema 7,,,5.57062101259,0.0,0.0
