,Unnamed: 0,AES mean,AES std,MBF mean,MBF std,SR
0,Problema 1,,,109.158327511,41.272416235,0.0
1,Problema 2,,,0.887163661946,0.927036633378,0.0
2,Problema 3,,,,,0.0
3,Problema 4,,,,,0.0
4,Problema 5,,,5.72179260175,5.00134717625,0.0
5,Problema 6,7800.0,4200.79357582,0.640986151521,0.522709751955,0.375
6,Problema 7,,,5.34177863893,0.605460010149,0.0
