,AES mean,AES std,MBF mean,MBF std,SR
Problema 1,,,202.176047139,178.124693987,0.0
Problema 2,,,2.24316861033,2.98064118239,0.0
Problema 3,,,6.14132905887,1.42035706871,0.0
Problema 4,,,,,0.0
Problema 5,,,4.50414840531,0.0,0.0
Problema 6,,,1.76553989298,0.984107855021,0.0
Problema 7,,,5.70328387173,1.07905661789,0.0
