,AES mean,AES std,MBF mean,MBF std,SR
Problema 1,,,172.029752157,11.6765767677,0.0
Problema 2,,,1.1171446369,0.672654413628,0.0
Problema 3,,,4.99520897549,0.0,0.0
Problema 4,,,44.8754236001,5.54222072545,0.0
Problema 5,,,7.61212415156,6.54830057484,0.0
Problema 6,,,3.94756648725,2.77290042001,0.0
Problema 7,,,5.57062101259,0.0,0.0
