,AES mean,AES std,MBF mean,MBF std,SR
Problema 1,,,161.177004823,25.7657157591,0.0
Problema 2,,,0.760195717988,0.204377805328,0.0
Problema 3,,,5.32128552291,0.0,0.0
Problema 4,,,43.8988066066,6.27504239141,0.0
Problema 5,,,8.65564915966,7.1906102342,0.0
Problema 6,,,4.30022276905,2.67928926502,0.0
Problema 7,,,9.62290190687,5.70992096524,0.0
