,AES mean,AES std,MBF mean,MBF std,SR
Problema 1,,,,,0.0
Problema 2,,,0.617009587359,0.241911098457,0.0
Problema 3,,,4.62250461026,1.21032404407,0.0
Problema 4,,,19.0498940313,2.62190575375,0.0
Problema 5,,,4.48778140676,0.0283484730576,0.0
Problema 6,11800.0,0.0,1.66388156912,1.22145527881,0.25
Problema 7,,,5.82972034776,0.860062217467,0.0
