,Unnamed: 0,AES mean,AES std,MBF mean,MBF std,SR
0,Problema 1,,,121.046499135,36.9266113193,0.0
1,Problema 2,,,,,0.0
2,Problema 3,,,5.06761787708,0.854073266193,0.0
3,Problema 4,,,23.9730479688,8.05037431908,0.0
4,Problema 5,,,3.83146105194,0.0,0.0
5,Problema 6,12600.0,0.0,0.688399484304,0.349950766755,0.125
6,Problema 7,,,5.57062101259,0.0,0.0
