,AES mean,AES std,MBF mean,MBF std,SR
Problema 1,,,27.2447123419,13.3646327961,0.0
Problema 2,,,0.419991591368,0.20598296376,0.0
Problema 3,,,6.14132905887,1.42035706871,0.0
Problema 4,,,14.1643929575,3.69228389768,0.0
Problema 5,,,4.50414840531,0.0,0.0
Problema 6,18300.0,0.0,,,0.25
Problema 7,,,6.32627750054,0.0,0.0
