,Unnamed: 0,AES mean,AES std,MBF mean,MBF std,SR
0,Problema 1,11300.0,8700.0,42.5137066172,41.064734657,0.25
1,Problema 2,,,0.793093389331,0.965965730375,0.0
2,Problema 3,,,3.66990898497,1.32690834457,0.0
3,Problema 4,,,19.7289434839,6.30116317742,0.0
4,Problema 5,,,7.52312262139,6.60368525347,0.0
5,Problema 6,1900.0,0.0,1.28674265797,1.60081803657,0.125
6,Problema 7,,,5.57062101259,0.0,0.0
