,Unnamed: 0,AES mean,AES std,MBF mean,MBF std,SR
0,Problema 1,,,,,0.0
1,Problema 2,11200.0,0.0,0.858913797417,0.97273183338,0.125
2,Problema 3,,,,,0.0
3,Problema 4,,,32.2472976441,9.03841532168,0.0
4,Problema 5,,,3.74245952177,0.235475915142,0.0
5,Problema 6,,,1.76355579891,2.23017016992,0.0
6,Problema 7,,,5.33608496182,0.620524063827,0.0
