,AES mean,AES std,MBF mean,MBF std,SR
Problema 1,,,102.765416562,27.9960200584,0.0
Problema 2,7800.0,0.0,0.356413237509,0.22193422911,0.25
Problema 3,,,6.99376524881,5.03611604232,0.0
Problema 4,,,20.3315320951,8.72251028921,0.0
Problema 5,,,,,0.0
Problema 6,16100.0,0.0,2.86768833877,3.11810530555,0.25
Problema 7,,,6.32627750054,0.0,0.0
