,AES mean,AES std,MBF mean,MBF std,SR
Problema 1,11700.0,0.0,152.176389535,87.8504180536,0.25
Problema 2,,,1.08544741399,1.27680452042,0.0
Problema 3,,,5.32128552291,0.0,0.0
Problema 4,,,22.7375457451,8.40863397337,0.0
Problema 5,,,6.54906403585,3.87677101179,0.0
Problema 6,,,1.62790526047,0.780074188025,0.0
Problema 7,,,6.32627750054,0.0,0.0
