,Unnamed: 0,AES mean,AES std,MBF mean,MBF std,SR
0,Problema 1,,,,,0.0
1,Problema 2,,,0.804605563767,0.945637333564,0.0
2,Problema 3,,,,,0.0
3,Problema 4,,,21.7634981813,4.85251225596,0.0
4,Problema 5,,,7.61212415156,6.54830057484,0.0
5,Problema 6,,,1.55672874364,1.05914537874,0.0
6,Problema 7,,,5.57062101259,0.0,0.0
